loss	acc
0.04111088138592516	0.9856603278080731
0.013355534661288944	0.9968872136313781
0.0094547863086988	0.9978449940524925
0.008222167770833134	0.9981848516212751
0.007063911093567222	0.9984706409404785
0.006610181460400485	0.9985710534039826
0.006277372959051551	0.9987139480635843
0.005210019272455141	0.9988838768479755
