loss	acc
0.7033821836883474	0.008658643968300558
